metrics/precision(B),metrics/recall(B),metrics/mAP50(B),metrics/mAP50-95(B),fitness
0.3277310924369748,0.14233576642335766,0.19963436586874048,0.0833566124151444,0.0833566124151444
