stratum,filepath,area_km2,pools,density,area_share,corr_factor,area_sp_km2,density_corr,pools_est
high_income,967,56.3761,836,14.828978946752258,0.25,2.0,380.25,29.657957893504516,11277.438489005091
low_income,180,10.494,37,3.525824280541262,0.25,0.8,380.25,2.8206594244330097,1072.555746140652
middle_income,240,13.991999999999999,56,4.002287021154946,0.5,1.3,760.5,5.20297312750143,3956.8610634648376
